{"cameraMode":{"drawMode":0,"name":"Shaded","section":"Shading Mode"},"sceneLighting":true,"audioPlay":false,"sceneViewState":{"m_AlwaysRefresh":false,"showFog":true,"showSkybox":true,"showFlares":true,"showImageEffects":true,"showParticleSystems":true,"showVisualEffectGraphs":true,"m_FxEnabled":true},"in2DMode":false,"pivot":{"x":25.212984085083009,"y":2.740000009536743,"z":-24.112377166748048},"rotation":{"x":-0.153978630900383,"y":-0.05645109713077545,"z":0.008734515868127346,"w":-0.9866599440574646},"size":1.1660288572311402,"orthographic":false}